{
  "traders": {
    "account": {
      "account-type": {
        "ema-account-type": {
          "micro-account": false,
          "standard-account": false,
          "professional-account": false,
          "demo-account": false,
          "ema-low-spread-account-subscription": false
        }
      },
      "ema-mastercard": false
    },
    "market": {
      "stocks-cfd": false,
      "indices-cfd": false,
      "metal-cfd": false,
      "energy-cfd": false,
      "crypto-cfd": false,
      "currencies-cfd": false,
      "commodities-cfd": false,
      "futures-cfd": false,
      "etf": false
    },
    "platform": {
      "metatrader-5": false,
      "c-trader": false,
      "tradingview": false,
      "web-trader": false,
      "ema-app": false,
      "mam": false,
      "scheduled-maintenance": false
    },
    "ema-provides": {
      "insurance-program": false,
      "ema-point-loyalty-program": false,
      "elite-trading-club": false,
      "auto-reset-balance": false,
      "elite-interest-program": false
    },
    "ease-trading": {
      "pamm": false,
      "copy-trading": false,
      "traders-community": false
    }
  },
  "promotion": {
    "refer-a-friend": false,
    "30-tradable-bonus": false,
    "seasonal-promotions": false,
    "win-the-market-100-bonus": false
  },
  "partner": {
    "introducing-broker": {
      "partners-site": false,
      "affiliate-links": false
    },
    "partners-portal": {
      "marketing-support": {
        "merchandise": false,
        "digital-marketing": false,
        "partners-event": false,
        "ib-deck": false
      }
    },
    "affiliate-cpa": false,
    "influencer": false,
    "ema-trainers": false,
    "regional-partners": false,
    "local-depositor": false,
    "ib-loyalty": {
      "ib-signature-club": {
        "ib-club": false,
        "ib-gold-club": false,
        "ib-platinum-club": false
      }
    }
  },
  "ema-centre": {
    "education": {
      "how-to-video-tutorials": false,
      "quizzes-gain-and-earn": false,
      "live-webinar-s-webinar-schedule": false,
      "ema-glossary": false
    },
    "ema-discovery": false,
    "market-outlook": false,
    "trading-ideas": false,
    "ema-tv": false,
    "ema-podcast": false,
    "ema-analyst": false,
    "trading-tools": {
      "analytical-tool": {
        "mql5-trading-central": false,
        "economic-calendar": false,
        "market-news-fx-street-trading-view": false
      },
      "currency-converter": false,
      "trading-calculator": false,
      "pip-legend": false,
      "ema-vps": false
    }
  },
  "company": {
    "story": false,
    "legal": false,
    "regulations": false,
    "insurance": false,
    "company-news": false,
    "contact-us": false,
    "career": false,
    "ema-ambassadors": false,
    "awards": false,
    "ema-partners": false,
    "ema-sponsorship": false
  },
  "help-centre": {
    "account-assistance": false,
    "products": false,
    "social-trading": false,
    "funding": false,
    "platforms": false,
    "promotions": false,
    "account-comparison": false
  }
}
